legacy_url,destination_url,resolution_type,notes
/pretrained-workers/,/library/,exact_duplicate,Legacy directory consolidated into the canonical AI Employee Template Library
/pretrained-workers/competitor-intelligence-analyst/,/library/external-intel/competitor-intelligence-analyst/,exact_duplicate,Same active template record
/pretrained-workers/competitor-intelligence-analyst/hire/,/library/external-intel/competitor-intelligence-analyst/hire/,exact_duplicate,Legacy creation endpoint for the same active template record
/pretrained-workers/competitor-intelligence-analyst/spawn/,/library/external-intel/competitor-intelligence-analyst/spawn/,exact_duplicate,Legacy launch endpoint for the same active template record
/pretrained-workers/vendor-price-analyst/,/library/operations/vendor-price-analyst/,exact_duplicate,Same active template record
/pretrained-workers/vendor-price-analyst/hire/,/library/operations/vendor-price-analyst/hire/,exact_duplicate,Legacy creation endpoint for the same active template record
/pretrained-workers/vendor-price-analyst/spawn/,/library/operations/vendor-price-analyst/spawn/,exact_duplicate,Legacy launch endpoint for the same active template record
/pretrained-workers/public-safety-scout/,/library/risk-compliance/public-safety-scout/,exact_duplicate,Same active template record
/pretrained-workers/public-safety-scout/hire/,/library/risk-compliance/public-safety-scout/hire/,exact_duplicate,Legacy creation endpoint for the same active template record
/pretrained-workers/public-safety-scout/spawn/,/library/risk-compliance/public-safety-scout/spawn/,exact_duplicate,Legacy launch endpoint for the same active template record
/pretrained-workers/team-standup-coordinator/,/library/team-ops/team-standup-coordinator/,exact_duplicate,Same active template record
/pretrained-workers/team-standup-coordinator/hire/,/library/team-ops/team-standup-coordinator/hire/,exact_duplicate,Legacy creation endpoint for the same active template record
/pretrained-workers/team-standup-coordinator/spawn/,/library/team-ops/team-standup-coordinator/spawn/,exact_duplicate,Legacy launch endpoint for the same active template record
/pretrained-workers/incident-comms-scribe/,/library/operations/incident-comms-scribe/,exact_duplicate,Same active template record
/pretrained-workers/incident-comms-scribe/hire/,/library/operations/incident-comms-scribe/hire/,exact_duplicate,Legacy creation endpoint for the same active template record
/pretrained-workers/incident-comms-scribe/spawn/,/library/operations/incident-comms-scribe/spawn/,exact_duplicate,Legacy launch endpoint for the same active template record
/pretrained-workers/sales-pipeline-whisperer/,/library/revenue/sales-pipeline-whisperer/,exact_duplicate,Same active template record
/pretrained-workers/sales-pipeline-whisperer/hire/,/library/revenue/sales-pipeline-whisperer/hire/,exact_duplicate,Legacy creation endpoint for the same active template record
/pretrained-workers/sales-pipeline-whisperer/spawn/,/library/revenue/sales-pipeline-whisperer/spawn/,exact_duplicate,Legacy launch endpoint for the same active template record
/pretrained-workers/lead-hunter/,/library/sales/b2b-lead-research-agent/,content_merged,Prospecting intent and useful workflow details merged into the stronger library page
/pretrained-workers/lead-hunter/hire/,/library/sales/b2b-lead-research-agent/hire/,content_merged,Legacy creation endpoint moved to the merged template
/pretrained-workers/lead-hunter/spawn/,/library/sales/b2b-lead-research-agent/spawn/,content_merged,Legacy launch endpoint moved to the merged template
/pretrained-workers/account-researcher/,/library/sales/account-research-agent/,content_merged,Account enrichment intent and useful workflow details merged into the stronger library page
/pretrained-workers/account-researcher/hire/,/library/sales/account-research-agent/hire/,content_merged,Legacy creation endpoint moved to the merged template
/pretrained-workers/account-researcher/spawn/,/library/sales/account-research-agent/spawn/,content_merged,Legacy launch endpoint moved to the merged template
/pretrained-workers/talent-scout/,/library/recruiting/candidate-sourcing-agent/,content_merged,Candidate sourcing intent and useful workflow details merged into the stronger library page
/pretrained-workers/talent-scout/hire/,/library/recruiting/candidate-sourcing-agent/hire/,content_merged,Legacy creation endpoint moved to the merged template
/pretrained-workers/talent-scout/spawn/,/library/recruiting/candidate-sourcing-agent/spawn/,content_merged,Legacy launch endpoint moved to the merged template
/pretrained-workers/talent-sourcer/,/library/recruiting/candidate-sourcing-agent/,content_merged,Historical Talent Scout alias moved to the merged candidate sourcing template
/pretrained-workers/talent-sourcer/hire/,/library/recruiting/candidate-sourcing-agent/hire/,content_merged,Legacy alias creation endpoint moved to the merged template
/pretrained-workers/talent-sourcer/spawn/,/library/recruiting/candidate-sourcing-agent/spawn/,content_merged,Legacy alias launch endpoint moved to the merged template
/pretrained-workers/candidate-researcher/,/library/recruiting/candidate-researcher/,new_destination_required,A differentiated candidate enrichment library page was created
/pretrained-workers/candidate-researcher/hire/,/library/recruiting/candidate-researcher/hire/,new_destination_required,Legacy creation endpoint moved to the new differentiated template
/pretrained-workers/candidate-researcher/spawn/,/library/recruiting/candidate-researcher/spawn/,new_destination_required,Legacy launch endpoint moved to the new differentiated template
/pretrained-workers/outreach-agent/,/library/sales/outreach-agent/,new_destination_required,A differentiated human-approved outreach library page was created
/pretrained-workers/outreach-agent/hire/,/library/sales/outreach-agent/hire/,new_destination_required,Legacy creation endpoint moved to the new differentiated template
/pretrained-workers/outreach-agent/spawn/,/library/sales/outreach-agent/spawn/,new_destination_required,Legacy launch endpoint moved to the new differentiated template
/pretrained-workers/employee-onboarding-concierge/,/library/people/employee-onboarding-concierge/,exact_duplicate,Same active template record
/pretrained-workers/employee-onboarding-concierge/hire/,/library/people/employee-onboarding-concierge/hire/,exact_duplicate,Legacy creation endpoint for the same active template record
/pretrained-workers/employee-onboarding-concierge/spawn/,/library/people/employee-onboarding-concierge/spawn/,exact_duplicate,Legacy launch endpoint for the same active template record
/pretrained-workers/compliance-audit-sentinel/,/library/risk-compliance/compliance-audit-sentinel/,exact_duplicate,Same active template record
/pretrained-workers/compliance-audit-sentinel/hire/,/library/risk-compliance/compliance-audit-sentinel/hire/,exact_duplicate,Legacy creation endpoint for the same active template record
/pretrained-workers/compliance-audit-sentinel/spawn/,/library/risk-compliance/compliance-audit-sentinel/spawn/,exact_duplicate,Legacy launch endpoint for the same active template record
/pretrained-workers/customer-health-monitor/,/library/revenue/customer-health-monitor/,exact_duplicate,Same active template record
/pretrained-workers/customer-health-monitor/hire/,/library/revenue/customer-health-monitor/hire/,exact_duplicate,Legacy creation endpoint for the same active template record
/pretrained-workers/customer-health-monitor/spawn/,/library/revenue/customer-health-monitor/spawn/,exact_duplicate,Legacy launch endpoint for the same active template record
/pretrained-workers/real-estate-research-analyst/,/library/research/real-estate-research-analyst/,exact_duplicate,Same active template record
/pretrained-workers/real-estate-research-analyst/hire/,/library/research/real-estate-research-analyst/hire/,exact_duplicate,Legacy creation endpoint for the same active template record
/pretrained-workers/real-estate-research-analyst/spawn/,/library/research/real-estate-research-analyst/spawn/,exact_duplicate,Legacy launch endpoint for the same active template record
/pretrained-workers/project-manager/,/library/team-ops/project-manager/,exact_duplicate,Same active template record
/pretrained-workers/project-manager/hire/,/library/team-ops/project-manager/hire/,exact_duplicate,Legacy creation endpoint for the same active template record
/pretrained-workers/project-manager/spawn/,/library/team-ops/project-manager/spawn/,exact_duplicate,Legacy launch endpoint for the same active template record
/pretrained-workers/account-research-ai-agent/,/library/sales/account-research-agent/,exact_duplicate,Old resolver exposed the newer template by its internal code
/pretrained-workers/account-research-ai-agent/hire/,/library/sales/account-research-agent/hire/,exact_duplicate,Legacy creation endpoint for the newer template code
/pretrained-workers/account-research-ai-agent/spawn/,/library/sales/account-research-agent/spawn/,exact_duplicate,Legacy launch endpoint for the newer template code
/pretrained-workers/ai-agent-for-candidate-sourcing/,/library/recruiting/candidate-sourcing-agent/,exact_duplicate,Old resolver exposed the newer template by its internal code
/pretrained-workers/ai-agent-for-candidate-sourcing/hire/,/library/recruiting/candidate-sourcing-agent/hire/,exact_duplicate,Legacy creation endpoint for the newer template code
/pretrained-workers/ai-agent-for-candidate-sourcing/spawn/,/library/recruiting/candidate-sourcing-agent/spawn/,exact_duplicate,Legacy launch endpoint for the newer template code
/pretrained-workers/b2b-lead-research-agent/,/library/sales/b2b-lead-research-agent/,exact_duplicate,Old resolver exposed the newer template by its internal code
/pretrained-workers/b2b-lead-research-agent/hire/,/library/sales/b2b-lead-research-agent/hire/,exact_duplicate,Legacy creation endpoint for the newer template code
/pretrained-workers/b2b-lead-research-agent/spawn/,/library/sales/b2b-lead-research-agent/spawn/,exact_duplicate,Legacy launch endpoint for the newer template code
/pretrained-workers/tpl-03a4ebebb2e0/,/library/business-automation/oss-utility-monetization-architect/,exact_duplicate,Database-backed template code resolved to this canonical library page at the retirement cutover
/pretrained-workers/tpl-03a4ebebb2e0/hire/,/library/business-automation/oss-utility-monetization-architect/hire/,exact_duplicate,Database-backed template code resolved to this canonical library page at the retirement cutover
/pretrained-workers/tpl-03a4ebebb2e0/spawn/,/library/business-automation/oss-utility-monetization-architect/spawn/,exact_duplicate,Database-backed template code resolved to this canonical library page at the retirement cutover
/pretrained-workers/tpl-047bc0023211/,/library/home-improvement/composite-deck-planning-assistant/,exact_duplicate,Database-backed template code resolved to this canonical library page at the retirement cutover
/pretrained-workers/tpl-047bc0023211/hire/,/library/home-improvement/composite-deck-planning-assistant/hire/,exact_duplicate,Database-backed template code resolved to this canonical library page at the retirement cutover
/pretrained-workers/tpl-047bc0023211/spawn/,/library/home-improvement/composite-deck-planning-assistant/spawn/,exact_duplicate,Database-backed template code resolved to this canonical library page at the retirement cutover
/pretrained-workers/tpl-0594e55fa8e1/,/library/it-operations/cloud-automation-system-monitor/,exact_duplicate,Database-backed template code resolved to this canonical library page at the retirement cutover
/pretrained-workers/tpl-0594e55fa8e1/hire/,/library/it-operations/cloud-automation-system-monitor/hire/,exact_duplicate,Database-backed template code resolved to this canonical library page at the retirement cutover
/pretrained-workers/tpl-0594e55fa8e1/spawn/,/library/it-operations/cloud-automation-system-monitor/spawn/,exact_duplicate,Database-backed template code resolved to this canonical library page at the retirement cutover
/pretrained-workers/tpl-06be803cb261/,/library/research/investment-opportunity-scout/,exact_duplicate,Database-backed template code resolved to this canonical library page at the retirement cutover
/pretrained-workers/tpl-06be803cb261/hire/,/library/research/investment-opportunity-scout/hire/,exact_duplicate,Database-backed template code resolved to this canonical library page at the retirement cutover
/pretrained-workers/tpl-06be803cb261/spawn/,/library/research/investment-opportunity-scout/spawn/,exact_duplicate,Database-backed template code resolved to this canonical library page at the retirement cutover
/pretrained-workers/tpl-08e0295f4e93/,/library/shopping-deal-tracking/vehicle-deal-finder/,exact_duplicate,Database-backed template code resolved to this canonical library page at the retirement cutover
/pretrained-workers/tpl-08e0295f4e93/hire/,/library/shopping-deal-tracking/vehicle-deal-finder/hire/,exact_duplicate,Database-backed template code resolved to this canonical library page at the retirement cutover
/pretrained-workers/tpl-08e0295f4e93/spawn/,/library/shopping-deal-tracking/vehicle-deal-finder/spawn/,exact_duplicate,Database-backed template code resolved to this canonical library page at the retirement cutover
/pretrained-workers/tpl-0b09f861bf55/,/library/recruiting/coaching-assessment-specialist-finder/,exact_duplicate,Database-backed template code resolved to this canonical library page at the retirement cutover
/pretrained-workers/tpl-0b09f861bf55/hire/,/library/recruiting/coaching-assessment-specialist-finder/hire/,exact_duplicate,Database-backed template code resolved to this canonical library page at the retirement cutover
/pretrained-workers/tpl-0b09f861bf55/spawn/,/library/recruiting/coaching-assessment-specialist-finder/spawn/,exact_duplicate,Database-backed template code resolved to this canonical library page at the retirement cutover
/pretrained-workers/tpl-0db5a03f11c1/,/library/recruiting/talent-scout-capital-projects-pm/,exact_duplicate,Database-backed template code resolved to this canonical library page at the retirement cutover
/pretrained-workers/tpl-0db5a03f11c1/hire/,/library/recruiting/talent-scout-capital-projects-pm/hire/,exact_duplicate,Database-backed template code resolved to this canonical library page at the retirement cutover
/pretrained-workers/tpl-0db5a03f11c1/spawn/,/library/recruiting/talent-scout-capital-projects-pm/spawn/,exact_duplicate,Database-backed template code resolved to this canonical library page at the retirement cutover
/pretrained-workers/tpl-0f0daf017f57/,/library/hr/bilingual-talent-sourcer/,exact_duplicate,Database-backed template code resolved to this canonical library page at the retirement cutover
/pretrained-workers/tpl-0f0daf017f57/hire/,/library/hr/bilingual-talent-sourcer/hire/,exact_duplicate,Database-backed template code resolved to this canonical library page at the retirement cutover
/pretrained-workers/tpl-0f0daf017f57/spawn/,/library/hr/bilingual-talent-sourcer/spawn/,exact_duplicate,Database-backed template code resolved to this canonical library page at the retirement cutover
/pretrained-workers/tpl-0f2e3264eb25/,/library/recruiting/talent-sourcing-assistant/,exact_duplicate,Database-backed template code resolved to this canonical library page at the retirement cutover
/pretrained-workers/tpl-0f2e3264eb25/hire/,/library/recruiting/talent-sourcing-assistant/hire/,exact_duplicate,Database-backed template code resolved to this canonical library page at the retirement cutover
/pretrained-workers/tpl-0f2e3264eb25/spawn/,/library/recruiting/talent-sourcing-assistant/spawn/,exact_duplicate,Database-backed template code resolved to this canonical library page at the retirement cutover
/pretrained-workers/tpl-12203bdb9209/,/library/productivity/versatile-research-data-assistant-2/,exact_duplicate,Database-backed template code resolved to this canonical library page at the retirement cutover
/pretrained-workers/tpl-12203bdb9209/hire/,/library/productivity/versatile-research-data-assistant-2/hire/,exact_duplicate,Database-backed template code resolved to this canonical library page at the retirement cutover
/pretrained-workers/tpl-12203bdb9209/spawn/,/library/productivity/versatile-research-data-assistant-2/spawn/,exact_duplicate,Database-backed template code resolved to this canonical library page at the retirement cutover
/pretrained-workers/tpl-123d8d8489c7/,/library/marketing/digital-asset-promotion-seo-outreach/,exact_duplicate,Database-backed template code resolved to this canonical library page at the retirement cutover
/pretrained-workers/tpl-123d8d8489c7/hire/,/library/marketing/digital-asset-promotion-seo-outreach/hire/,exact_duplicate,Database-backed template code resolved to this canonical library page at the retirement cutover
/pretrained-workers/tpl-123d8d8489c7/spawn/,/library/marketing/digital-asset-promotion-seo-outreach/spawn/,exact_duplicate,Database-backed template code resolved to this canonical library page at the retirement cutover
/pretrained-workers/tpl-17b0ae536813/,/library/sales/lead-generation-outreach-specialist/,exact_duplicate,Database-backed template code resolved to this canonical library page at the retirement cutover
/pretrained-workers/tpl-17b0ae536813/hire/,/library/sales/lead-generation-outreach-specialist/hire/,exact_duplicate,Database-backed template code resolved to this canonical library page at the retirement cutover
/pretrained-workers/tpl-17b0ae536813/spawn/,/library/sales/lead-generation-outreach-specialist/spawn/,exact_duplicate,Database-backed template code resolved to this canonical library page at the retirement cutover
/pretrained-workers/tpl-22c98d4f9ec7/,/library/real-estate/rural-property-homestead-scout/,exact_duplicate,Database-backed template code resolved to this canonical library page at the retirement cutover
/pretrained-workers/tpl-22c98d4f9ec7/hire/,/library/real-estate/rural-property-homestead-scout/hire/,exact_duplicate,Database-backed template code resolved to this canonical library page at the retirement cutover
/pretrained-workers/tpl-22c98d4f9ec7/spawn/,/library/real-estate/rural-property-homestead-scout/spawn/,exact_duplicate,Database-backed template code resolved to this canonical library page at the retirement cutover
/pretrained-workers/tpl-23f7226cf42f/,/library/recruiting/talent-sourcing-specialist/,exact_duplicate,Database-backed template code resolved to this canonical library page at the retirement cutover
/pretrained-workers/tpl-23f7226cf42f/hire/,/library/recruiting/talent-sourcing-specialist/hire/,exact_duplicate,Database-backed template code resolved to this canonical library page at the retirement cutover
/pretrained-workers/tpl-23f7226cf42f/spawn/,/library/recruiting/talent-sourcing-specialist/spawn/,exact_duplicate,Database-backed template code resolved to this canonical library page at the retirement cutover
/pretrained-workers/tpl-24b689ec3ef8/,/library/lead-generation/real-estate-operations-lead-finder/,exact_duplicate,Database-backed template code resolved to this canonical library page at the retirement cutover
/pretrained-workers/tpl-24b689ec3ef8/hire/,/library/lead-generation/real-estate-operations-lead-finder/hire/,exact_duplicate,Database-backed template code resolved to this canonical library page at the retirement cutover
/pretrained-workers/tpl-24b689ec3ef8/spawn/,/library/lead-generation/real-estate-operations-lead-finder/spawn/,exact_duplicate,Database-backed template code resolved to this canonical library page at the retirement cutover
/pretrained-workers/tpl-259deb6d37f5/,/library/sales/b2b-lead-hunter/,exact_duplicate,Database-backed template code resolved to this canonical library page at the retirement cutover
/pretrained-workers/tpl-259deb6d37f5/hire/,/library/sales/b2b-lead-hunter/hire/,exact_duplicate,Database-backed template code resolved to this canonical library page at the retirement cutover
/pretrained-workers/tpl-259deb6d37f5/spawn/,/library/sales/b2b-lead-hunter/spawn/,exact_duplicate,Database-backed template code resolved to this canonical library page at the retirement cutover
/pretrained-workers/tpl-2a3ec836a1cd/,/library/finance/stripe-fraud-dispute-monitor/,exact_duplicate,Database-backed template code resolved to this canonical library page at the retirement cutover
/pretrained-workers/tpl-2a3ec836a1cd/hire/,/library/finance/stripe-fraud-dispute-monitor/hire/,exact_duplicate,Database-backed template code resolved to this canonical library page at the retirement cutover
/pretrained-workers/tpl-2a3ec836a1cd/spawn/,/library/finance/stripe-fraud-dispute-monitor/spawn/,exact_duplicate,Database-backed template code resolved to this canonical library page at the retirement cutover
/pretrained-workers/tpl-2b6dc12562ed/,/library/lead-generation/icp-lead-pipeline-builder/,exact_duplicate,Database-backed template code resolved to this canonical library page at the retirement cutover
/pretrained-workers/tpl-2b6dc12562ed/hire/,/library/lead-generation/icp-lead-pipeline-builder/hire/,exact_duplicate,Database-backed template code resolved to this canonical library page at the retirement cutover
/pretrained-workers/tpl-2b6dc12562ed/spawn/,/library/lead-generation/icp-lead-pipeline-builder/spawn/,exact_duplicate,Database-backed template code resolved to this canonical library page at the retirement cutover
/pretrained-workers/tpl-2d8c9bf7afd2/,/library/sales-crm/lead-generation-project-coordinator/,exact_duplicate,Database-backed template code resolved to this canonical library page at the retirement cutover
/pretrained-workers/tpl-2d8c9bf7afd2/hire/,/library/sales-crm/lead-generation-project-coordinator/hire/,exact_duplicate,Database-backed template code resolved to this canonical library page at the retirement cutover
/pretrained-workers/tpl-2d8c9bf7afd2/spawn/,/library/sales-crm/lead-generation-project-coordinator/spawn/,exact_duplicate,Database-backed template code resolved to this canonical library page at the retirement cutover
/pretrained-workers/tpl-2db8238181de/,/library/productivity/daily-priority-research-brief/,exact_duplicate,Database-backed template code resolved to this canonical library page at the retirement cutover
/pretrained-workers/tpl-2db8238181de/hire/,/library/productivity/daily-priority-research-brief/hire/,exact_duplicate,Database-backed template code resolved to this canonical library page at the retirement cutover
/pretrained-workers/tpl-2db8238181de/spawn/,/library/productivity/daily-priority-research-brief/spawn/,exact_duplicate,Database-backed template code resolved to this canonical library page at the retirement cutover
/pretrained-workers/tpl-2e73efd36bee/,/library/market-intelligence/renewable-energy-market-analyst-2/,exact_duplicate,Database-backed template code resolved to this canonical library page at the retirement cutover
/pretrained-workers/tpl-2e73efd36bee/hire/,/library/market-intelligence/renewable-energy-market-analyst-2/hire/,exact_duplicate,Database-backed template code resolved to this canonical library page at the retirement cutover
/pretrained-workers/tpl-2e73efd36bee/spawn/,/library/market-intelligence/renewable-energy-market-analyst-2/spawn/,exact_duplicate,Database-backed template code resolved to this canonical library page at the retirement cutover
/pretrained-workers/tpl-3420b15c27a9/,/library/career/wordpress-job-tracker/,exact_duplicate,Database-backed template code resolved to this canonical library page at the retirement cutover
/pretrained-workers/tpl-3420b15c27a9/hire/,/library/career/wordpress-job-tracker/hire/,exact_duplicate,Database-backed template code resolved to this canonical library page at the retirement cutover
/pretrained-workers/tpl-3420b15c27a9/spawn/,/library/career/wordpress-job-tracker/spawn/,exact_duplicate,Database-backed template code resolved to this canonical library page at the retirement cutover
/pretrained-workers/tpl-356ffb85744b/,/library/sales-outreach/construction-industry-lead-prospector/,exact_duplicate,Database-backed template code resolved to this canonical library page at the retirement cutover
/pretrained-workers/tpl-356ffb85744b/hire/,/library/sales-outreach/construction-industry-lead-prospector/hire/,exact_duplicate,Database-backed template code resolved to this canonical library page at the retirement cutover
/pretrained-workers/tpl-356ffb85744b/spawn/,/library/sales-outreach/construction-industry-lead-prospector/spawn/,exact_duplicate,Database-backed template code resolved to this canonical library page at the retirement cutover
/pretrained-workers/tpl-3b9038a2ec07/,/library/legal/legal-case-tracker/,exact_duplicate,Database-backed template code resolved to this canonical library page at the retirement cutover
/pretrained-workers/tpl-3b9038a2ec07/hire/,/library/legal/legal-case-tracker/hire/,exact_duplicate,Database-backed template code resolved to this canonical library page at the retirement cutover
/pretrained-workers/tpl-3b9038a2ec07/spawn/,/library/legal/legal-case-tracker/spawn/,exact_duplicate,Database-backed template code resolved to this canonical library page at the retirement cutover
/pretrained-workers/tpl-3c921ac80259/,/library/recruitment/industrial-maintenance-talent-scout/,exact_duplicate,Database-backed template code resolved to this canonical library page at the retirement cutover
/pretrained-workers/tpl-3c921ac80259/hire/,/library/recruitment/industrial-maintenance-talent-scout/hire/,exact_duplicate,Database-backed template code resolved to this canonical library page at the retirement cutover
/pretrained-workers/tpl-3c921ac80259/spawn/,/library/recruitment/industrial-maintenance-talent-scout/spawn/,exact_duplicate,Database-backed template code resolved to this canonical library page at the retirement cutover
/pretrained-workers/tpl-3cc144f89d77/,/library/growth/sales-talent-sourcing-seo-link-automator/,exact_duplicate,Database-backed template code resolved to this canonical library page at the retirement cutover
/pretrained-workers/tpl-3cc144f89d77/hire/,/library/growth/sales-talent-sourcing-seo-link-automator/hire/,exact_duplicate,Database-backed template code resolved to this canonical library page at the retirement cutover
/pretrained-workers/tpl-3cc144f89d77/spawn/,/library/growth/sales-talent-sourcing-seo-link-automator/spawn/,exact_duplicate,Database-backed template code resolved to this canonical library page at the retirement cutover
/pretrained-workers/tpl-3e0fc6d20640/,/library/market-research/regional-gaming-betting-compliance-monitor/,exact_duplicate,Database-backed template code resolved to this canonical library page at the retirement cutover
/pretrained-workers/tpl-3e0fc6d20640/hire/,/library/market-research/regional-gaming-betting-compliance-monitor/hire/,exact_duplicate,Database-backed template code resolved to this canonical library page at the retirement cutover
/pretrained-workers/tpl-3e0fc6d20640/spawn/,/library/market-research/regional-gaming-betting-compliance-monitor/spawn/,exact_duplicate,Database-backed template code resolved to this canonical library page at the retirement cutover
/pretrained-workers/tpl-40c99cdb134d/,/library/sales/b2b-sales-lead-generator/,exact_duplicate,Database-backed template code resolved to this canonical library page at the retirement cutover
/pretrained-workers/tpl-40c99cdb134d/hire/,/library/sales/b2b-sales-lead-generator/hire/,exact_duplicate,Database-backed template code resolved to this canonical library page at the retirement cutover
/pretrained-workers/tpl-40c99cdb134d/spawn/,/library/sales/b2b-sales-lead-generator/spawn/,exact_duplicate,Database-backed template code resolved to this canonical library page at the retirement cutover
/pretrained-workers/tpl-508ef3ad9f20/,/library/sales/multi-channel-prospect-warming-lead-gen/,exact_duplicate,Database-backed template code resolved to this canonical library page at the retirement cutover
/pretrained-workers/tpl-508ef3ad9f20/hire/,/library/sales/multi-channel-prospect-warming-lead-gen/hire/,exact_duplicate,Database-backed template code resolved to this canonical library page at the retirement cutover
/pretrained-workers/tpl-508ef3ad9f20/spawn/,/library/sales/multi-channel-prospect-warming-lead-gen/spawn/,exact_duplicate,Database-backed template code resolved to this canonical library page at the retirement cutover
/pretrained-workers/tpl-553292e1a543/,/library/automation-planning/autonomous-task-planner/,exact_duplicate,Database-backed template code resolved to this canonical library page at the retirement cutover
/pretrained-workers/tpl-553292e1a543/hire/,/library/automation-planning/autonomous-task-planner/hire/,exact_duplicate,Database-backed template code resolved to this canonical library page at the retirement cutover
/pretrained-workers/tpl-553292e1a543/spawn/,/library/automation-planning/autonomous-task-planner/spawn/,exact_duplicate,Database-backed template code resolved to this canonical library page at the retirement cutover
/pretrained-workers/tpl-5677646ecb1c/,/library/research/market-research-data-analyst/,exact_duplicate,Database-backed template code resolved to this canonical library page at the retirement cutover
/pretrained-workers/tpl-5677646ecb1c/hire/,/library/research/market-research-data-analyst/hire/,exact_duplicate,Database-backed template code resolved to this canonical library page at the retirement cutover
/pretrained-workers/tpl-5677646ecb1c/spawn/,/library/research/market-research-data-analyst/spawn/,exact_duplicate,Database-backed template code resolved to this canonical library page at the retirement cutover
/pretrained-workers/tpl-568f39c9cf6d/,/library/operations/collaborative-executive-assistant/,exact_duplicate,Database-backed template code resolved to this canonical library page at the retirement cutover
/pretrained-workers/tpl-568f39c9cf6d/hire/,/library/operations/collaborative-executive-assistant/hire/,exact_duplicate,Database-backed template code resolved to this canonical library page at the retirement cutover
/pretrained-workers/tpl-568f39c9cf6d/spawn/,/library/operations/collaborative-executive-assistant/spawn/,exact_duplicate,Database-backed template code resolved to this canonical library page at the retirement cutover
/pretrained-workers/tpl-57c03243aec0/,/library/education/assistente-de-pesquisa-academica-e-publicacao/,exact_duplicate,Database-backed template code resolved to this canonical library page at the retirement cutover
/pretrained-workers/tpl-57c03243aec0/hire/,/library/education/assistente-de-pesquisa-academica-e-publicacao/hire/,exact_duplicate,Database-backed template code resolved to this canonical library page at the retirement cutover
/pretrained-workers/tpl-57c03243aec0/spawn/,/library/education/assistente-de-pesquisa-academica-e-publicacao/spawn/,exact_duplicate,Database-backed template code resolved to this canonical library page at the retirement cutover
/pretrained-workers/tpl-592100bd2edb/,/library/productivity/adaptive-conversational-assistant/,exact_duplicate,Database-backed template code resolved to this canonical library page at the retirement cutover
/pretrained-workers/tpl-592100bd2edb/hire/,/library/productivity/adaptive-conversational-assistant/hire/,exact_duplicate,Database-backed template code resolved to this canonical library page at the retirement cutover
/pretrained-workers/tpl-592100bd2edb/spawn/,/library/productivity/adaptive-conversational-assistant/spawn/,exact_duplicate,Database-backed template code resolved to this canonical library page at the retirement cutover
/pretrained-workers/tpl-597fb654d6f8/,/library/procurement/procurement-price-monitor/,exact_duplicate,Database-backed template code resolved to this canonical library page at the retirement cutover
/pretrained-workers/tpl-597fb654d6f8/hire/,/library/procurement/procurement-price-monitor/hire/,exact_duplicate,Database-backed template code resolved to this canonical library page at the retirement cutover
/pretrained-workers/tpl-597fb654d6f8/spawn/,/library/procurement/procurement-price-monitor/spawn/,exact_duplicate,Database-backed template code resolved to this canonical library page at the retirement cutover
/pretrained-workers/tpl-5d60ffcbeeaa/,/library/research/daily-ai-strategy-news-briefing/,exact_duplicate,Database-backed template code resolved to this canonical library page at the retirement cutover
/pretrained-workers/tpl-5d60ffcbeeaa/hire/,/library/research/daily-ai-strategy-news-briefing/hire/,exact_duplicate,Database-backed template code resolved to this canonical library page at the retirement cutover
/pretrained-workers/tpl-5d60ffcbeeaa/spawn/,/library/research/daily-ai-strategy-news-briefing/spawn/,exact_duplicate,Database-backed template code resolved to this canonical library page at the retirement cutover
/pretrained-workers/tpl-5dc4bd813228/,/library/real-estate/real-estate-market-analyst/,exact_duplicate,Database-backed template code resolved to this canonical library page at the retirement cutover
/pretrained-workers/tpl-5dc4bd813228/hire/,/library/real-estate/real-estate-market-analyst/hire/,exact_duplicate,Database-backed template code resolved to this canonical library page at the retirement cutover
/pretrained-workers/tpl-5dc4bd813228/spawn/,/library/real-estate/real-estate-market-analyst/spawn/,exact_duplicate,Database-backed template code resolved to this canonical library page at the retirement cutover
/pretrained-workers/tpl-60f01ecdd31f/,/library/research/corporate-leadership-researcher/,exact_duplicate,Database-backed template code resolved to this canonical library page at the retirement cutover
/pretrained-workers/tpl-60f01ecdd31f/hire/,/library/research/corporate-leadership-researcher/hire/,exact_duplicate,Database-backed template code resolved to this canonical library page at the retirement cutover
/pretrained-workers/tpl-60f01ecdd31f/spawn/,/library/research/corporate-leadership-researcher/spawn/,exact_duplicate,Database-backed template code resolved to this canonical library page at the retirement cutover
/pretrained-workers/tpl-613e6c63700d/,/library/research/renewable-energy-market-analyst/,exact_duplicate,Database-backed template code resolved to this canonical library page at the retirement cutover
/pretrained-workers/tpl-613e6c63700d/hire/,/library/research/renewable-energy-market-analyst/hire/,exact_duplicate,Database-backed template code resolved to this canonical library page at the retirement cutover
/pretrained-workers/tpl-613e6c63700d/spawn/,/library/research/renewable-energy-market-analyst/spawn/,exact_duplicate,Database-backed template code resolved to this canonical library page at the retirement cutover
/pretrained-workers/tpl-62de76261e7a/,/library/operations/strategic-cto-operations-architect/,exact_duplicate,Database-backed template code resolved to this canonical library page at the retirement cutover
/pretrained-workers/tpl-62de76261e7a/hire/,/library/operations/strategic-cto-operations-architect/hire/,exact_duplicate,Database-backed template code resolved to this canonical library page at the retirement cutover
/pretrained-workers/tpl-62de76261e7a/spawn/,/library/operations/strategic-cto-operations-architect/spawn/,exact_duplicate,Database-backed template code resolved to this canonical library page at the retirement cutover
/pretrained-workers/tpl-63c30d3009e4/,/library/growth/community-growth-outreach-agent/,exact_duplicate,Database-backed template code resolved to this canonical library page at the retirement cutover
/pretrained-workers/tpl-63c30d3009e4/hire/,/library/growth/community-growth-outreach-agent/hire/,exact_duplicate,Database-backed template code resolved to this canonical library page at the retirement cutover
/pretrained-workers/tpl-63c30d3009e4/spawn/,/library/growth/community-growth-outreach-agent/spawn/,exact_duplicate,Database-backed template code resolved to this canonical library page at the retirement cutover
/pretrained-workers/tpl-6738a82e6c2b/,/library/compliance/well-record-form-automator/,exact_duplicate,Database-backed template code resolved to this canonical library page at the retirement cutover
/pretrained-workers/tpl-6738a82e6c2b/hire/,/library/compliance/well-record-form-automator/hire/,exact_duplicate,Database-backed template code resolved to this canonical library page at the retirement cutover
/pretrained-workers/tpl-6738a82e6c2b/spawn/,/library/compliance/well-record-form-automator/spawn/,exact_duplicate,Database-backed template code resolved to this canonical library page at the retirement cutover
/pretrained-workers/tpl-6ae16f5baaa7/,/library/sales/enterprise-acquisition-hunter/,exact_duplicate,Database-backed template code resolved to this canonical library page at the retirement cutover
/pretrained-workers/tpl-6ae16f5baaa7/hire/,/library/sales/enterprise-acquisition-hunter/hire/,exact_duplicate,Database-backed template code resolved to this canonical library page at the retirement cutover
/pretrained-workers/tpl-6ae16f5baaa7/spawn/,/library/sales/enterprise-acquisition-hunter/spawn/,exact_duplicate,Database-backed template code resolved to this canonical library page at the retirement cutover
/pretrained-workers/tpl-6db633e85e42/,/library/lead-generation/travel-service-lead-generator/,exact_duplicate,Database-backed template code resolved to this canonical library page at the retirement cutover
/pretrained-workers/tpl-6db633e85e42/hire/,/library/lead-generation/travel-service-lead-generator/hire/,exact_duplicate,Database-backed template code resolved to this canonical library page at the retirement cutover
/pretrained-workers/tpl-6db633e85e42/spawn/,/library/lead-generation/travel-service-lead-generator/spawn/,exact_duplicate,Database-backed template code resolved to this canonical library page at the retirement cutover
/pretrained-workers/tpl-6df57962a2e3/,/library/sales/cold-outreach-campaign-manager/,exact_duplicate,Database-backed template code resolved to this canonical library page at the retirement cutover
/pretrained-workers/tpl-6df57962a2e3/hire/,/library/sales/cold-outreach-campaign-manager/hire/,exact_duplicate,Database-backed template code resolved to this canonical library page at the retirement cutover
/pretrained-workers/tpl-6df57962a2e3/spawn/,/library/sales/cold-outreach-campaign-manager/spawn/,exact_duplicate,Database-backed template code resolved to this canonical library page at the retirement cutover
/pretrained-workers/tpl-6e047e184a43/,/library/marketing/financial-services-lead-gen-content-strategist/,exact_duplicate,Database-backed template code resolved to this canonical library page at the retirement cutover
/pretrained-workers/tpl-6e047e184a43/hire/,/library/marketing/financial-services-lead-gen-content-strategist/hire/,exact_duplicate,Database-backed template code resolved to this canonical library page at the retirement cutover
/pretrained-workers/tpl-6e047e184a43/spawn/,/library/marketing/financial-services-lead-gen-content-strategist/spawn/,exact_duplicate,Database-backed template code resolved to this canonical library page at the retirement cutover
/pretrained-workers/tpl-6ed3b9198358/,/library/system/natural-mode-system-bridge/,exact_duplicate,Database-backed template code resolved to this canonical library page at the retirement cutover
/pretrained-workers/tpl-6ed3b9198358/hire/,/library/system/natural-mode-system-bridge/hire/,exact_duplicate,Database-backed template code resolved to this canonical library page at the retirement cutover
/pretrained-workers/tpl-6ed3b9198358/spawn/,/library/system/natural-mode-system-bridge/spawn/,exact_duplicate,Database-backed template code resolved to this canonical library page at the retirement cutover
/pretrained-workers/tpl-728aa4161ec7/,/library/marketing/high-volume-digital-presence-automator/,exact_duplicate,Database-backed template code resolved to this canonical library page at the retirement cutover
/pretrained-workers/tpl-728aa4161ec7/hire/,/library/marketing/high-volume-digital-presence-automator/hire/,exact_duplicate,Database-backed template code resolved to this canonical library page at the retirement cutover
/pretrained-workers/tpl-728aa4161ec7/spawn/,/library/marketing/high-volume-digital-presence-automator/spawn/,exact_duplicate,Database-backed template code resolved to this canonical library page at the retirement cutover
/pretrained-workers/tpl-7561ff88573b/,/library/recruitment/insurance-talent-scout-recruiter/,exact_duplicate,Database-backed template code resolved to this canonical library page at the retirement cutover
/pretrained-workers/tpl-7561ff88573b/hire/,/library/recruitment/insurance-talent-scout-recruiter/hire/,exact_duplicate,Database-backed template code resolved to this canonical library page at the retirement cutover
/pretrained-workers/tpl-7561ff88573b/spawn/,/library/recruitment/insurance-talent-scout-recruiter/spawn/,exact_duplicate,Database-backed template code resolved to this canonical library page at the retirement cutover
/pretrained-workers/tpl-77df835e5691/,/library/business/ai-music-label-operations-manager/,exact_duplicate,Database-backed template code resolved to this canonical library page at the retirement cutover
/pretrained-workers/tpl-77df835e5691/hire/,/library/business/ai-music-label-operations-manager/hire/,exact_duplicate,Database-backed template code resolved to this canonical library page at the retirement cutover
/pretrained-workers/tpl-77df835e5691/spawn/,/library/business/ai-music-label-operations-manager/spawn/,exact_duplicate,Database-backed template code resolved to this canonical library page at the retirement cutover
/pretrained-workers/tpl-78bba1af4a65/,/library/development/android-apk-build-assistant/,exact_duplicate,Database-backed template code resolved to this canonical library page at the retirement cutover
/pretrained-workers/tpl-78bba1af4a65/hire/,/library/development/android-apk-build-assistant/hire/,exact_duplicate,Database-backed template code resolved to this canonical library page at the retirement cutover
/pretrained-workers/tpl-78bba1af4a65/spawn/,/library/development/android-apk-build-assistant/spawn/,exact_duplicate,Database-backed template code resolved to this canonical library page at the retirement cutover
/pretrained-workers/tpl-78e7e940c26b/,/library/education/academic-writing-review-assistant/,exact_duplicate,Database-backed template code resolved to this canonical library page at the retirement cutover
/pretrained-workers/tpl-78e7e940c26b/hire/,/library/education/academic-writing-review-assistant/hire/,exact_duplicate,Database-backed template code resolved to this canonical library page at the retirement cutover
/pretrained-workers/tpl-78e7e940c26b/spawn/,/library/education/academic-writing-review-assistant/spawn/,exact_duplicate,Database-backed template code resolved to this canonical library page at the retirement cutover
/pretrained-workers/tpl-7b410745415f/,/library/finance/day-trading-simulator-portfolio-tracker/,exact_duplicate,Database-backed template code resolved to this canonical library page at the retirement cutover
/pretrained-workers/tpl-7b410745415f/hire/,/library/finance/day-trading-simulator-portfolio-tracker/hire/,exact_duplicate,Database-backed template code resolved to this canonical library page at the retirement cutover
/pretrained-workers/tpl-7b410745415f/spawn/,/library/finance/day-trading-simulator-portfolio-tracker/spawn/,exact_duplicate,Database-backed template code resolved to this canonical library page at the retirement cutover
/pretrained-workers/tpl-7be3cab81fed/,/library/entertainment/artist-release-sms-notifier/,exact_duplicate,Database-backed template code resolved to this canonical library page at the retirement cutover
/pretrained-workers/tpl-7be3cab81fed/hire/,/library/entertainment/artist-release-sms-notifier/hire/,exact_duplicate,Database-backed template code resolved to this canonical library page at the retirement cutover
/pretrained-workers/tpl-7be3cab81fed/spawn/,/library/entertainment/artist-release-sms-notifier/spawn/,exact_duplicate,Database-backed template code resolved to this canonical library page at the retirement cutover
/pretrained-workers/tpl-7c7788f0d996/,/library/operations/project-compliance-liaison/,exact_duplicate,Database-backed template code resolved to this canonical library page at the retirement cutover
/pretrained-workers/tpl-7c7788f0d996/hire/,/library/operations/project-compliance-liaison/hire/,exact_duplicate,Database-backed template code resolved to this canonical library page at the retirement cutover
/pretrained-workers/tpl-7c7788f0d996/spawn/,/library/operations/project-compliance-liaison/spawn/,exact_duplicate,Database-backed template code resolved to this canonical library page at the retirement cutover
/pretrained-workers/tpl-7cade1720c33/,/library/sales/b2b-commercial-cleaning-lead-generator/,exact_duplicate,Database-backed template code resolved to this canonical library page at the retirement cutover
/pretrained-workers/tpl-7cade1720c33/hire/,/library/sales/b2b-commercial-cleaning-lead-generator/hire/,exact_duplicate,Database-backed template code resolved to this canonical library page at the retirement cutover
/pretrained-workers/tpl-7cade1720c33/spawn/,/library/sales/b2b-commercial-cleaning-lead-generator/spawn/,exact_duplicate,Database-backed template code resolved to this canonical library page at the retirement cutover
/pretrained-workers/tpl-7cf47e6782d6/,/library/real-estate/real-estate-market-monitor/,exact_duplicate,Database-backed template code resolved to this canonical library page at the retirement cutover
/pretrained-workers/tpl-7cf47e6782d6/hire/,/library/real-estate/real-estate-market-monitor/hire/,exact_duplicate,Database-backed template code resolved to this canonical library page at the retirement cutover
/pretrained-workers/tpl-7cf47e6782d6/spawn/,/library/real-estate/real-estate-market-monitor/spawn/,exact_duplicate,Database-backed template code resolved to this canonical library page at the retirement cutover
/pretrained-workers/tpl-80d3eb4ba3ba/,/library/operations/directory-resource-platform-manager/,exact_duplicate,Database-backed template code resolved to this canonical library page at the retirement cutover
/pretrained-workers/tpl-80d3eb4ba3ba/hire/,/library/operations/directory-resource-platform-manager/hire/,exact_duplicate,Database-backed template code resolved to this canonical library page at the retirement cutover
/pretrained-workers/tpl-80d3eb4ba3ba/spawn/,/library/operations/directory-resource-platform-manager/spawn/,exact_duplicate,Database-backed template code resolved to this canonical library page at the retirement cutover
/pretrained-workers/tpl-836838a4b543/,/library/productivity/reactive-personal-assistant/,exact_duplicate,Database-backed template code resolved to this canonical library page at the retirement cutover
/pretrained-workers/tpl-836838a4b543/hire/,/library/productivity/reactive-personal-assistant/hire/,exact_duplicate,Database-backed template code resolved to this canonical library page at the retirement cutover
/pretrained-workers/tpl-836838a4b543/spawn/,/library/productivity/reactive-personal-assistant/spawn/,exact_duplicate,Database-backed template code resolved to this canonical library page at the retirement cutover
/pretrained-workers/tpl-8a00bd590b7d/,/library/operations/project-management-coordinator/,exact_duplicate,Database-backed template code resolved to this canonical library page at the retirement cutover
/pretrained-workers/tpl-8a00bd590b7d/hire/,/library/operations/project-management-coordinator/hire/,exact_duplicate,Database-backed template code resolved to this canonical library page at the retirement cutover
/pretrained-workers/tpl-8a00bd590b7d/spawn/,/library/operations/project-management-coordinator/spawn/,exact_duplicate,Database-backed template code resolved to this canonical library page at the retirement cutover
/pretrained-workers/tpl-8a8d105a3a25/,/library/recruiting/talent-sourcing-candidate-researcher/,exact_duplicate,Database-backed template code resolved to this canonical library page at the retirement cutover
/pretrained-workers/tpl-8a8d105a3a25/hire/,/library/recruiting/talent-sourcing-candidate-researcher/hire/,exact_duplicate,Database-backed template code resolved to this canonical library page at the retirement cutover
/pretrained-workers/tpl-8a8d105a3a25/spawn/,/library/recruiting/talent-sourcing-candidate-researcher/spawn/,exact_duplicate,Database-backed template code resolved to this canonical library page at the retirement cutover
/pretrained-workers/tpl-9040ae08b442/,/library/market-research/streaming-ai-market-intelligence-analyst/,exact_duplicate,Database-backed template code resolved to this canonical library page at the retirement cutover
/pretrained-workers/tpl-9040ae08b442/hire/,/library/market-research/streaming-ai-market-intelligence-analyst/hire/,exact_duplicate,Database-backed template code resolved to this canonical library page at the retirement cutover
/pretrained-workers/tpl-9040ae08b442/spawn/,/library/market-research/streaming-ai-market-intelligence-analyst/spawn/,exact_duplicate,Database-backed template code resolved to this canonical library page at the retirement cutover
/pretrained-workers/tpl-90a8f7089143/,/library/marketing/local-lead-generation-manager/,exact_duplicate,Database-backed template code resolved to this canonical library page at the retirement cutover
/pretrained-workers/tpl-90a8f7089143/hire/,/library/marketing/local-lead-generation-manager/hire/,exact_duplicate,Database-backed template code resolved to this canonical library page at the retirement cutover
/pretrained-workers/tpl-90a8f7089143/spawn/,/library/marketing/local-lead-generation-manager/spawn/,exact_duplicate,Database-backed template code resolved to this canonical library page at the retirement cutover
/pretrained-workers/tpl-99c688b49adc/,/library/lifestyle/local-family-activity-finder/,exact_duplicate,Database-backed template code resolved to this canonical library page at the retirement cutover
/pretrained-workers/tpl-99c688b49adc/hire/,/library/lifestyle/local-family-activity-finder/hire/,exact_duplicate,Database-backed template code resolved to this canonical library page at the retirement cutover
/pretrained-workers/tpl-99c688b49adc/spawn/,/library/lifestyle/local-family-activity-finder/spawn/,exact_duplicate,Database-backed template code resolved to this canonical library page at the retirement cutover
/pretrained-workers/tpl-9a37c9191be3/,/library/research/executive-leadership-monitor/,exact_duplicate,Database-backed template code resolved to this canonical library page at the retirement cutover
/pretrained-workers/tpl-9a37c9191be3/hire/,/library/research/executive-leadership-monitor/hire/,exact_duplicate,Database-backed template code resolved to this canonical library page at the retirement cutover
/pretrained-workers/tpl-9a37c9191be3/spawn/,/library/research/executive-leadership-monitor/spawn/,exact_duplicate,Database-backed template code resolved to this canonical library page at the retirement cutover
/pretrained-workers/tpl-9b9e1ea9f3cd/,/library/finance/lending-outreach-campaign-manager/,exact_duplicate,Database-backed template code resolved to this canonical library page at the retirement cutover
/pretrained-workers/tpl-9b9e1ea9f3cd/hire/,/library/finance/lending-outreach-campaign-manager/hire/,exact_duplicate,Database-backed template code resolved to this canonical library page at the retirement cutover
/pretrained-workers/tpl-9b9e1ea9f3cd/spawn/,/library/finance/lending-outreach-campaign-manager/spawn/,exact_duplicate,Database-backed template code resolved to this canonical library page at the retirement cutover
/pretrained-workers/tpl-9c4fc0cc193d/,/library/recruiting/sales-hunter-talent-pipeline/,exact_duplicate,Database-backed template code resolved to this canonical library page at the retirement cutover
/pretrained-workers/tpl-9c4fc0cc193d/hire/,/library/recruiting/sales-hunter-talent-pipeline/hire/,exact_duplicate,Database-backed template code resolved to this canonical library page at the retirement cutover
/pretrained-workers/tpl-9c4fc0cc193d/spawn/,/library/recruiting/sales-hunter-talent-pipeline/spawn/,exact_duplicate,Database-backed template code resolved to this canonical library page at the retirement cutover
/pretrained-workers/tpl-9d487f5a2146/,/library/engineering/telegram-bot-ai-integration-specialist/,exact_duplicate,Database-backed template code resolved to this canonical library page at the retirement cutover
/pretrained-workers/tpl-9d487f5a2146/hire/,/library/engineering/telegram-bot-ai-integration-specialist/hire/,exact_duplicate,Database-backed template code resolved to this canonical library page at the retirement cutover
/pretrained-workers/tpl-9d487f5a2146/spawn/,/library/engineering/telegram-bot-ai-integration-specialist/spawn/,exact_duplicate,Database-backed template code resolved to this canonical library page at the retirement cutover
/pretrained-workers/tpl-9d99fda3cce0/,/library/sales/lead-follow-up-manager/,exact_duplicate,Database-backed template code resolved to this canonical library page at the retirement cutover
/pretrained-workers/tpl-9d99fda3cce0/hire/,/library/sales/lead-follow-up-manager/hire/,exact_duplicate,Database-backed template code resolved to this canonical library page at the retirement cutover
/pretrained-workers/tpl-9d99fda3cce0/spawn/,/library/sales/lead-follow-up-manager/spawn/,exact_duplicate,Database-backed template code resolved to this canonical library page at the retirement cutover
/pretrained-workers/tpl-a2ed6da05d38/,/library/data-analysis/technical-data-gaming-researcher/,exact_duplicate,Database-backed template code resolved to this canonical library page at the retirement cutover
/pretrained-workers/tpl-a2ed6da05d38/hire/,/library/data-analysis/technical-data-gaming-researcher/hire/,exact_duplicate,Database-backed template code resolved to this canonical library page at the retirement cutover
/pretrained-workers/tpl-a2ed6da05d38/spawn/,/library/data-analysis/technical-data-gaming-researcher/spawn/,exact_duplicate,Database-backed template code resolved to this canonical library page at the retirement cutover
/pretrained-workers/tpl-a2f28ca9e7ac/,/library/research/remote-opportunity-scout/,exact_duplicate,Database-backed template code resolved to this canonical library page at the retirement cutover
/pretrained-workers/tpl-a2f28ca9e7ac/hire/,/library/research/remote-opportunity-scout/hire/,exact_duplicate,Database-backed template code resolved to this canonical library page at the retirement cutover
/pretrained-workers/tpl-a2f28ca9e7ac/spawn/,/library/research/remote-opportunity-scout/spawn/,exact_duplicate,Database-backed template code resolved to this canonical library page at the retirement cutover
/pretrained-workers/tpl-a4690818dd1a/,/library/sales/hourly-lead-generation-agent/,exact_duplicate,Database-backed template code resolved to this canonical library page at the retirement cutover
/pretrained-workers/tpl-a4690818dd1a/hire/,/library/sales/hourly-lead-generation-agent/hire/,exact_duplicate,Database-backed template code resolved to this canonical library page at the retirement cutover
/pretrained-workers/tpl-a4690818dd1a/spawn/,/library/sales/hourly-lead-generation-agent/spawn/,exact_duplicate,Database-backed template code resolved to this canonical library page at the retirement cutover
/pretrained-workers/tpl-a5bed921df9b/,/library/operations/mobile-managed-ai-business-os/,exact_duplicate,Database-backed template code resolved to this canonical library page at the retirement cutover
/pretrained-workers/tpl-a5bed921df9b/hire/,/library/operations/mobile-managed-ai-business-os/hire/,exact_duplicate,Database-backed template code resolved to this canonical library page at the retirement cutover
/pretrained-workers/tpl-a5bed921df9b/spawn/,/library/operations/mobile-managed-ai-business-os/spawn/,exact_duplicate,Database-backed template code resolved to this canonical library page at the retirement cutover
/pretrained-workers/tpl-a8ee6ea78599/,/library/marketing/media-outreach-book-promotion-agent/,exact_duplicate,Database-backed template code resolved to this canonical library page at the retirement cutover
/pretrained-workers/tpl-a8ee6ea78599/hire/,/library/marketing/media-outreach-book-promotion-agent/hire/,exact_duplicate,Database-backed template code resolved to this canonical library page at the retirement cutover
/pretrained-workers/tpl-a8ee6ea78599/spawn/,/library/marketing/media-outreach-book-promotion-agent/spawn/,exact_duplicate,Database-backed template code resolved to this canonical library page at the retirement cutover
/pretrained-workers/tpl-aab6d6657ba9/,/library/operations/project-handover-assistant/,exact_duplicate,Database-backed template code resolved to this canonical library page at the retirement cutover
/pretrained-workers/tpl-aab6d6657ba9/hire/,/library/operations/project-handover-assistant/hire/,exact_duplicate,Database-backed template code resolved to this canonical library page at the retirement cutover
/pretrained-workers/tpl-aab6d6657ba9/spawn/,/library/operations/project-handover-assistant/spawn/,exact_duplicate,Database-backed template code resolved to this canonical library page at the retirement cutover
/pretrained-workers/tpl-ab70c72148b9/,/library/finance/capital-raise-investor-relations-engine/,exact_duplicate,Database-backed template code resolved to this canonical library page at the retirement cutover
/pretrained-workers/tpl-ab70c72148b9/hire/,/library/finance/capital-raise-investor-relations-engine/hire/,exact_duplicate,Database-backed template code resolved to this canonical library page at the retirement cutover
/pretrained-workers/tpl-ab70c72148b9/spawn/,/library/finance/capital-raise-investor-relations-engine/spawn/,exact_duplicate,Database-backed template code resolved to this canonical library page at the retirement cutover
/pretrained-workers/tpl-ac1f5935c2d5/,/library/recruiting-sales/executive-talent-funding-monitor/,exact_duplicate,Database-backed template code resolved to this canonical library page at the retirement cutover
/pretrained-workers/tpl-ac1f5935c2d5/hire/,/library/recruiting-sales/executive-talent-funding-monitor/hire/,exact_duplicate,Database-backed template code resolved to this canonical library page at the retirement cutover
/pretrained-workers/tpl-ac1f5935c2d5/spawn/,/library/recruiting-sales/executive-talent-funding-monitor/spawn/,exact_duplicate,Database-backed template code resolved to this canonical library page at the retirement cutover
/pretrained-workers/tpl-adb93beb8180/,/library/sales/solar-outreach-marketplace-orchestrator/,exact_duplicate,Database-backed template code resolved to this canonical library page at the retirement cutover
/pretrained-workers/tpl-adb93beb8180/hire/,/library/sales/solar-outreach-marketplace-orchestrator/hire/,exact_duplicate,Database-backed template code resolved to this canonical library page at the retirement cutover
/pretrained-workers/tpl-adb93beb8180/spawn/,/library/sales/solar-outreach-marketplace-orchestrator/spawn/,exact_duplicate,Database-backed template code resolved to this canonical library page at the retirement cutover
/pretrained-workers/tpl-ae200127df55/,/library/sales-marketing/community-lead-engagement-scout/,exact_duplicate,Database-backed template code resolved to this canonical library page at the retirement cutover
/pretrained-workers/tpl-ae200127df55/hire/,/library/sales-marketing/community-lead-engagement-scout/hire/,exact_duplicate,Database-backed template code resolved to this canonical library page at the retirement cutover
/pretrained-workers/tpl-ae200127df55/spawn/,/library/sales-marketing/community-lead-engagement-scout/spawn/,exact_duplicate,Database-backed template code resolved to this canonical library page at the retirement cutover
/pretrained-workers/tpl-b004b1fc4244/,/library/logistics/heavy-equipment-sourcing-due-diligence-assistant/,exact_duplicate,Database-backed template code resolved to this canonical library page at the retirement cutover
/pretrained-workers/tpl-b004b1fc4244/hire/,/library/logistics/heavy-equipment-sourcing-due-diligence-assistant/hire/,exact_duplicate,Database-backed template code resolved to this canonical library page at the retirement cutover
/pretrained-workers/tpl-b004b1fc4244/spawn/,/library/logistics/heavy-equipment-sourcing-due-diligence-assistant/spawn/,exact_duplicate,Database-backed template code resolved to this canonical library page at the retirement cutover
/pretrained-workers/tpl-b623474074a8/,/library/operations/project-coordination-assistant/,exact_duplicate,Database-backed template code resolved to this canonical library page at the retirement cutover
/pretrained-workers/tpl-b623474074a8/hire/,/library/operations/project-coordination-assistant/hire/,exact_duplicate,Database-backed template code resolved to this canonical library page at the retirement cutover
/pretrained-workers/tpl-b623474074a8/spawn/,/library/operations/project-coordination-assistant/spawn/,exact_duplicate,Database-backed template code resolved to this canonical library page at the retirement cutover
/pretrained-workers/tpl-b8a5ae535a3b/,/library/recruiting/talent-scout-pipeline-builder/,exact_duplicate,Database-backed template code resolved to this canonical library page at the retirement cutover
/pretrained-workers/tpl-b8a5ae535a3b/hire/,/library/recruiting/talent-scout-pipeline-builder/hire/,exact_duplicate,Database-backed template code resolved to this canonical library page at the retirement cutover
/pretrained-workers/tpl-b8a5ae535a3b/spawn/,/library/recruiting/talent-scout-pipeline-builder/spawn/,exact_duplicate,Database-backed template code resolved to this canonical library page at the retirement cutover
/pretrained-workers/tpl-b93ac62b5e63/,/library/it-support/tech-support-it-assistant/,exact_duplicate,Database-backed template code resolved to this canonical library page at the retirement cutover
/pretrained-workers/tpl-b93ac62b5e63/hire/,/library/it-support/tech-support-it-assistant/hire/,exact_duplicate,Database-backed template code resolved to this canonical library page at the retirement cutover
/pretrained-workers/tpl-b93ac62b5e63/spawn/,/library/it-support/tech-support-it-assistant/spawn/,exact_duplicate,Database-backed template code resolved to this canonical library page at the retirement cutover
/pretrained-workers/tpl-ba9e2d964dc3/,/library/research/research-social-monitoring-assistant/,exact_duplicate,Database-backed template code resolved to this canonical library page at the retirement cutover
/pretrained-workers/tpl-ba9e2d964dc3/hire/,/library/research/research-social-monitoring-assistant/hire/,exact_duplicate,Database-backed template code resolved to this canonical library page at the retirement cutover
/pretrained-workers/tpl-ba9e2d964dc3/spawn/,/library/research/research-social-monitoring-assistant/spawn/,exact_duplicate,Database-backed template code resolved to this canonical library page at the retirement cutover
/pretrained-workers/tpl-bd7b28903698/,/library/social-media/meme-content-curator/,exact_duplicate,Database-backed template code resolved to this canonical library page at the retirement cutover
/pretrained-workers/tpl-bd7b28903698/hire/,/library/social-media/meme-content-curator/hire/,exact_duplicate,Database-backed template code resolved to this canonical library page at the retirement cutover
/pretrained-workers/tpl-bd7b28903698/spawn/,/library/social-media/meme-content-curator/spawn/,exact_duplicate,Database-backed template code resolved to this canonical library page at the retirement cutover
/pretrained-workers/tpl-c0e7bc3a8b89/,/library/finance/energy-sector-fundraising-scout/,exact_duplicate,Database-backed template code resolved to this canonical library page at the retirement cutover
/pretrained-workers/tpl-c0e7bc3a8b89/hire/,/library/finance/energy-sector-fundraising-scout/hire/,exact_duplicate,Database-backed template code resolved to this canonical library page at the retirement cutover
/pretrained-workers/tpl-c0e7bc3a8b89/spawn/,/library/finance/energy-sector-fundraising-scout/spawn/,exact_duplicate,Database-backed template code resolved to this canonical library page at the retirement cutover
/pretrained-workers/tpl-c1f7eff8a2f5/,/library/research/versatile-research-data-assistant/,exact_duplicate,Database-backed template code resolved to this canonical library page at the retirement cutover
/pretrained-workers/tpl-c1f7eff8a2f5/hire/,/library/research/versatile-research-data-assistant/hire/,exact_duplicate,Database-backed template code resolved to this canonical library page at the retirement cutover
/pretrained-workers/tpl-c1f7eff8a2f5/spawn/,/library/research/versatile-research-data-assistant/spawn/,exact_duplicate,Database-backed template code resolved to this canonical library page at the retirement cutover
/pretrained-workers/tpl-c7aae2a6cb2c/,/library/finance/algorithmic-stock-trader/,exact_duplicate,Database-backed template code resolved to this canonical library page at the retirement cutover
/pretrained-workers/tpl-c7aae2a6cb2c/hire/,/library/finance/algorithmic-stock-trader/hire/,exact_duplicate,Database-backed template code resolved to this canonical library page at the retirement cutover
/pretrained-workers/tpl-c7aae2a6cb2c/spawn/,/library/finance/algorithmic-stock-trader/spawn/,exact_duplicate,Database-backed template code resolved to this canonical library page at the retirement cutover
/pretrained-workers/tpl-c82eb699fabd/,/library/sales/storm-damage-roofing-prospector/,exact_duplicate,Database-backed template code resolved to this canonical library page at the retirement cutover
/pretrained-workers/tpl-c82eb699fabd/hire/,/library/sales/storm-damage-roofing-prospector/hire/,exact_duplicate,Database-backed template code resolved to this canonical library page at the retirement cutover
/pretrained-workers/tpl-c82eb699fabd/spawn/,/library/sales/storm-damage-roofing-prospector/spawn/,exact_duplicate,Database-backed template code resolved to this canonical library page at the retirement cutover
/pretrained-workers/tpl-cbb106f3c49f/,/library/engineering/utility-as-a-service-architect/,exact_duplicate,Database-backed template code resolved to this canonical library page at the retirement cutover
/pretrained-workers/tpl-cbb106f3c49f/hire/,/library/engineering/utility-as-a-service-architect/hire/,exact_duplicate,Database-backed template code resolved to this canonical library page at the retirement cutover
/pretrained-workers/tpl-cbb106f3c49f/spawn/,/library/engineering/utility-as-a-service-architect/spawn/,exact_duplicate,Database-backed template code resolved to this canonical library page at the retirement cutover
/pretrained-workers/tpl-cdb7c1290f35/,/library/operations/inventory-crm-sync-manager/,exact_duplicate,Database-backed template code resolved to this canonical library page at the retirement cutover
/pretrained-workers/tpl-cdb7c1290f35/hire/,/library/operations/inventory-crm-sync-manager/hire/,exact_duplicate,Database-backed template code resolved to this canonical library page at the retirement cutover
/pretrained-workers/tpl-cdb7c1290f35/spawn/,/library/operations/inventory-crm-sync-manager/spawn/,exact_duplicate,Database-backed template code resolved to this canonical library page at the retirement cutover
/pretrained-workers/tpl-d3ff2b42378f/,/library/research/market-intelligence-research-assistant/,exact_duplicate,Database-backed template code resolved to this canonical library page at the retirement cutover
/pretrained-workers/tpl-d3ff2b42378f/hire/,/library/research/market-intelligence-research-assistant/hire/,exact_duplicate,Database-backed template code resolved to this canonical library page at the retirement cutover
/pretrained-workers/tpl-d3ff2b42378f/spawn/,/library/research/market-intelligence-research-assistant/spawn/,exact_duplicate,Database-backed template code resolved to this canonical library page at the retirement cutover
/pretrained-workers/tpl-d4e9353f436f/,/library/finance/defi-yield-scanner/,exact_duplicate,Database-backed template code resolved to this canonical library page at the retirement cutover
/pretrained-workers/tpl-d4e9353f436f/hire/,/library/finance/defi-yield-scanner/hire/,exact_duplicate,Database-backed template code resolved to this canonical library page at the retirement cutover
/pretrained-workers/tpl-d4e9353f436f/spawn/,/library/finance/defi-yield-scanner/spawn/,exact_duplicate,Database-backed template code resolved to this canonical library page at the retirement cutover
/pretrained-workers/tpl-deb9721ca6f7/,/library/finance/capital-raise-investor-relations-engine-2/,exact_duplicate,Database-backed template code resolved to this canonical library page at the retirement cutover
/pretrained-workers/tpl-deb9721ca6f7/hire/,/library/finance/capital-raise-investor-relations-engine-2/hire/,exact_duplicate,Database-backed template code resolved to this canonical library page at the retirement cutover
/pretrained-workers/tpl-deb9721ca6f7/spawn/,/library/finance/capital-raise-investor-relations-engine-2/spawn/,exact_duplicate,Database-backed template code resolved to this canonical library page at the retirement cutover
/pretrained-workers/tpl-dedc5146b8d2/,/library/analytics/dataset-statistical-analyzer/,exact_duplicate,Database-backed template code resolved to this canonical library page at the retirement cutover
/pretrained-workers/tpl-dedc5146b8d2/hire/,/library/analytics/dataset-statistical-analyzer/hire/,exact_duplicate,Database-backed template code resolved to this canonical library page at the retirement cutover
/pretrained-workers/tpl-dedc5146b8d2/spawn/,/library/analytics/dataset-statistical-analyzer/spawn/,exact_duplicate,Database-backed template code resolved to this canonical library page at the retirement cutover
/pretrained-workers/tpl-e18db540eed8/,/library/sports-entertainment/sports-tournament-bracket-predictor/,exact_duplicate,Database-backed template code resolved to this canonical library page at the retirement cutover
/pretrained-workers/tpl-e18db540eed8/hire/,/library/sports-entertainment/sports-tournament-bracket-predictor/hire/,exact_duplicate,Database-backed template code resolved to this canonical library page at the retirement cutover
/pretrained-workers/tpl-e18db540eed8/spawn/,/library/sports-entertainment/sports-tournament-bracket-predictor/spawn/,exact_duplicate,Database-backed template code resolved to this canonical library page at the retirement cutover
/pretrained-workers/tpl-e3ef31993662/,/library/data-analytics/real-time-data-integration-analytics-monitor/,exact_duplicate,Database-backed template code resolved to this canonical library page at the retirement cutover
/pretrained-workers/tpl-e3ef31993662/hire/,/library/data-analytics/real-time-data-integration-analytics-monitor/hire/,exact_duplicate,Database-backed template code resolved to this canonical library page at the retirement cutover
/pretrained-workers/tpl-e3ef31993662/spawn/,/library/data-analytics/real-time-data-integration-analytics-monitor/spawn/,exact_duplicate,Database-backed template code resolved to this canonical library page at the retirement cutover
/pretrained-workers/tpl-e6eae22d396b/,/library/recruiting/specialized-healthcare-talent-sourcer/,exact_duplicate,Database-backed template code resolved to this canonical library page at the retirement cutover
/pretrained-workers/tpl-e6eae22d396b/hire/,/library/recruiting/specialized-healthcare-talent-sourcer/hire/,exact_duplicate,Database-backed template code resolved to this canonical library page at the retirement cutover
/pretrained-workers/tpl-e6eae22d396b/spawn/,/library/recruiting/specialized-healthcare-talent-sourcer/spawn/,exact_duplicate,Database-backed template code resolved to this canonical library page at the retirement cutover
/pretrained-workers/tpl-e74382b95aac/,/library/real-estate/land-acquisition-deal-flow-manager/,exact_duplicate,Database-backed template code resolved to this canonical library page at the retirement cutover
/pretrained-workers/tpl-e74382b95aac/hire/,/library/real-estate/land-acquisition-deal-flow-manager/hire/,exact_duplicate,Database-backed template code resolved to this canonical library page at the retirement cutover
/pretrained-workers/tpl-e74382b95aac/spawn/,/library/real-estate/land-acquisition-deal-flow-manager/spawn/,exact_duplicate,Database-backed template code resolved to this canonical library page at the retirement cutover
/pretrained-workers/tpl-e7818d7eb8d3/,/library/research/daily-research-literature-monitor/,exact_duplicate,Database-backed template code resolved to this canonical library page at the retirement cutover
/pretrained-workers/tpl-e7818d7eb8d3/hire/,/library/research/daily-research-literature-monitor/hire/,exact_duplicate,Database-backed template code resolved to this canonical library page at the retirement cutover
/pretrained-workers/tpl-e7818d7eb8d3/spawn/,/library/research/daily-research-literature-monitor/spawn/,exact_duplicate,Database-backed template code resolved to this canonical library page at the retirement cutover
/pretrained-workers/tpl-ed1d3f995d51/,/library/compliance/regulatory-form-automation-agent/,exact_duplicate,Database-backed template code resolved to this canonical library page at the retirement cutover
/pretrained-workers/tpl-ed1d3f995d51/hire/,/library/compliance/regulatory-form-automation-agent/hire/,exact_duplicate,Database-backed template code resolved to this canonical library page at the retirement cutover
/pretrained-workers/tpl-ed1d3f995d51/spawn/,/library/compliance/regulatory-form-automation-agent/spawn/,exact_duplicate,Database-backed template code resolved to this canonical library page at the retirement cutover
/pretrained-workers/tpl-f092fe764dab/,/library/marketing/social-media-revenue-optimizer/,exact_duplicate,Database-backed template code resolved to this canonical library page at the retirement cutover
/pretrained-workers/tpl-f092fe764dab/hire/,/library/marketing/social-media-revenue-optimizer/hire/,exact_duplicate,Database-backed template code resolved to this canonical library page at the retirement cutover
/pretrained-workers/tpl-f092fe764dab/spawn/,/library/marketing/social-media-revenue-optimizer/spawn/,exact_duplicate,Database-backed template code resolved to this canonical library page at the retirement cutover
/pretrained-workers/tpl-f0a41a755064/,/library/sales/high-end-financial-intake-specialist/,exact_duplicate,Database-backed template code resolved to this canonical library page at the retirement cutover
/pretrained-workers/tpl-f0a41a755064/hire/,/library/sales/high-end-financial-intake-specialist/hire/,exact_duplicate,Database-backed template code resolved to this canonical library page at the retirement cutover
/pretrained-workers/tpl-f0a41a755064/spawn/,/library/sales/high-end-financial-intake-specialist/spawn/,exact_duplicate,Database-backed template code resolved to this canonical library page at the retirement cutover
/pretrained-workers/tpl-f1d2eba34e83/,/library/operations/spreadsheet-to-web-form-automator/,exact_duplicate,Database-backed template code resolved to this canonical library page at the retirement cutover
/pretrained-workers/tpl-f1d2eba34e83/hire/,/library/operations/spreadsheet-to-web-form-automator/hire/,exact_duplicate,Database-backed template code resolved to this canonical library page at the retirement cutover
/pretrained-workers/tpl-f1d2eba34e83/spawn/,/library/operations/spreadsheet-to-web-form-automator/spawn/,exact_duplicate,Database-backed template code resolved to this canonical library page at the retirement cutover
/pretrained-workers/tpl-f222a252a059/,/library/sales/automated-lead-prospector/,exact_duplicate,Database-backed template code resolved to this canonical library page at the retirement cutover
/pretrained-workers/tpl-f222a252a059/hire/,/library/sales/automated-lead-prospector/hire/,exact_duplicate,Database-backed template code resolved to this canonical library page at the retirement cutover
/pretrained-workers/tpl-f222a252a059/spawn/,/library/sales/automated-lead-prospector/spawn/,exact_duplicate,Database-backed template code resolved to this canonical library page at the retirement cutover
/pretrained-workers/tpl-f2c3d97a2920/,/library/security/vulnerability-cve-monitor/,exact_duplicate,Database-backed template code resolved to this canonical library page at the retirement cutover
/pretrained-workers/tpl-f2c3d97a2920/hire/,/library/security/vulnerability-cve-monitor/hire/,exact_duplicate,Database-backed template code resolved to this canonical library page at the retirement cutover
/pretrained-workers/tpl-f2c3d97a2920/spawn/,/library/security/vulnerability-cve-monitor/spawn/,exact_duplicate,Database-backed template code resolved to this canonical library page at the retirement cutover
/pretrained-workers/tpl-f2c5bb1cdb34/,/library/sales/lead-hunter/,exact_duplicate,Database-backed template code resolved to this canonical library page at the retirement cutover
/pretrained-workers/tpl-f2c5bb1cdb34/hire/,/library/sales/lead-hunter/hire/,exact_duplicate,Database-backed template code resolved to this canonical library page at the retirement cutover
/pretrained-workers/tpl-f2c5bb1cdb34/spawn/,/library/sales/lead-hunter/spawn/,exact_duplicate,Database-backed template code resolved to this canonical library page at the retirement cutover
/pretrained-workers/tpl-f453034e57a1/,/library/marketing/social-media-strategist-competitor-analyst/,exact_duplicate,Database-backed template code resolved to this canonical library page at the retirement cutover
/pretrained-workers/tpl-f453034e57a1/hire/,/library/marketing/social-media-strategist-competitor-analyst/hire/,exact_duplicate,Database-backed template code resolved to this canonical library page at the retirement cutover
/pretrained-workers/tpl-f453034e57a1/spawn/,/library/marketing/social-media-strategist-competitor-analyst/spawn/,exact_duplicate,Database-backed template code resolved to this canonical library page at the retirement cutover
/pretrained-workers/tpl-f5a569d2babb/,/library/marketing-social-media/youtube-growth-analytics-assistant/,exact_duplicate,Database-backed template code resolved to this canonical library page at the retirement cutover
/pretrained-workers/tpl-f5a569d2babb/hire/,/library/marketing-social-media/youtube-growth-analytics-assistant/hire/,exact_duplicate,Database-backed template code resolved to this canonical library page at the retirement cutover
/pretrained-workers/tpl-f5a569d2babb/spawn/,/library/marketing-social-media/youtube-growth-analytics-assistant/spawn/,exact_duplicate,Database-backed template code resolved to this canonical library page at the retirement cutover
/pretrained-workers/tpl-f69de33885cf/,/library/recruiting/candidate-sourcing-outreach-specialist/,exact_duplicate,Database-backed template code resolved to this canonical library page at the retirement cutover
/pretrained-workers/tpl-f69de33885cf/hire/,/library/recruiting/candidate-sourcing-outreach-specialist/hire/,exact_duplicate,Database-backed template code resolved to this canonical library page at the retirement cutover
/pretrained-workers/tpl-f69de33885cf/spawn/,/library/recruiting/candidate-sourcing-outreach-specialist/spawn/,exact_duplicate,Database-backed template code resolved to this canonical library page at the retirement cutover
/pretrained-workers/tpl-fb388f9ec18f/,/library/sales/virtual-sdr-lead-hunter/,exact_duplicate,Database-backed template code resolved to this canonical library page at the retirement cutover
/pretrained-workers/tpl-fb388f9ec18f/hire/,/library/sales/virtual-sdr-lead-hunter/hire/,exact_duplicate,Database-backed template code resolved to this canonical library page at the retirement cutover
/pretrained-workers/tpl-fb388f9ec18f/spawn/,/library/sales/virtual-sdr-lead-hunter/spawn/,exact_duplicate,Database-backed template code resolved to this canonical library page at the retirement cutover
/pretrained-workers/tpl-fd7deb5b454b/,/library/operations/regulatory-well-data-form-automator/,exact_duplicate,Database-backed template code resolved to this canonical library page at the retirement cutover
/pretrained-workers/tpl-fd7deb5b454b/hire/,/library/operations/regulatory-well-data-form-automator/hire/,exact_duplicate,Database-backed template code resolved to this canonical library page at the retirement cutover
/pretrained-workers/tpl-fd7deb5b454b/spawn/,/library/operations/regulatory-well-data-form-automator/spawn/,exact_duplicate,Database-backed template code resolved to this canonical library page at the retirement cutover
